url,label
http://0000000000000000000000000.findyourjacket.com,0
http://00000000000000000000000.fielty.mx,0
http://00000000000000000update.emy.ba,0
http://0000000000c0.x9xcax2a.workers.dev,0
http://00000002.c1.biz,0
http://0.00000.life/paypal/login.html,0
http://0000-1t8.pages.dev,0
http://0.0.0.0forum.cryptonight.net,0
http://0000h00003.byethost7.com/?i=1,0
http://0.0.0.0mailgate.cryptonight.net,0
http://0.0.0.0ns10.cryptonight.net,0
http://0.0.0.0ssl.cryptonight.net,0
http://0001.353527440.workers.dev,0
http://0001home.webflow.io,0
http://000717-coinbase.com,0
http://0007854.atwebpages.com/desk/index.html,0
http://000811893962007154932393170597959432.hanefra7bikiemta.com,0
http://0009aak.pages.dev,0
http://0.0.0assets.cryptonight.net,0
http://000chgojhd78jhvbwreuvk.webnode.com,0
http://0.0.0dbs.cryptonight.net,0
http://000ficohs99onli22.125mb.com,0
http://0.0.0fileserver.cryptonight.net,0
http://000l34e.wcomhost.com/?fbclid=IwAR0bTLKRzZoi5OU7l2Jy29nIPaepITsvtkgGMXlTLwh8x-wn6Yj6mmFqRRU,0
http://000m8ih.wcomhost.com/mama/0f78b/index_2.html,0
http://000m8ih.wcomhost.com/mama/23a2c/index_2.html,0
http://000m8ih.wcomhost.com/mama/53c3e/index_2.html,0
http://000m8ih.wcomhost.com/mama/adee9/index_2.html,0
http://000m8ih.wcomhost.com/mama/c4fce/index_2.html,0
http://000m8ih.wcomhost.com/nass1/072b7/index_2.html,0
http://000m8ih.wcomhost.com/nass1/19423/index_2.html,0
http://000m8ih.wcomhost.com/nass1/288f1/index_2.html,0
http://000m8ih.wcomhost.com/nass1/36388/index_2.html,0
http://000m8ih.wcomhost.com/nass1/44739/index_2.html,0
http://000m8ih.wcomhost.com/nass1/575bd/index_2.html,0
http://000m8ih.wcomhost.com/nass1/a2554/index_2.html,0
http://000m8ih.wcomhost.com/nass1/b412b/index_2.html,0
http://000m8ih.wcomhost.com/nass1/c5487/index_2.html,0
http://000m8ih.wcomhost.com/nass1/c6b64/index_2.html,0
http://000m8ih.wcomhost.com/nass1/fe249/index_2.html,0
http://000m8ih.wcomhost.com/papa/24083/index_2.html,0
http://000m8ih.wcomhost.com/papa/3d7bf/index_2.html,0
http://000m8ih.wcomhost.com/papa/b6f27/index_2.html,0
http://000m8ih.wcomhost.com/papa/c12e7/index_2.html,0
http://000m8ih.wcomhost.com/papa/c4eed/index_2.html,0
http://0.0.0mail3.cryptonight.net,0
http://0.0.0ns6.cryptonight.net,0
http://000nt6r.wcomhost.com/suspension/home/check/valid/access,0
http://000o2ba.wcomhost.com/mail/good/customer_center/customer-IDPP00C435/myaccount/signin,0
http://000o2ba.wcomhost.com/mail/good/customer_center/customer-IDPP00C443/myaccount/signin,0
http://000o5eh.wcomhost.com/admin/customer_center/customer-IDPP00C352/myaccount/signin/?locale.x=en_,0
http://000o5eh.wcomhost.com/logssss/customer_center/customer-IDPP00C332/myaccount/signin/?locale.x=en_,0
http://000o8dc.wcomhost.com/www.santanderbanco.es/bancosantander/es/particulares/Santander,0
http://000o8dc.wcomhost.com/www.santanderbanco.es/bancosantander/es/particulares/Santander/085a79cda16f5e151892fc6d32ab48ae/codigo_incorrecta.php,0
http://000o8dc.wcomhost.com/www.santanderbanco.es/bancosantander/es/particulares/Santander/085a79cda16f5e151892fc6d32ab48ae/firma_electronica.php,0
http://000o8dc.wcomhost.com/www.santanderbanco.es/bancosantander/es/particulares/Santander/085a79cda16f5e151892fc6d32ab48ae/Mi_cuenta.php,0
http://000o8dc.wcomhost.com/www.santanderbanco.es/bancosantander/es/particulares/Santander/085a79cda16f5e151892fc6d32ab48ae/Phone_Number.php,0
http://000o8dc.wcomhost.com/www.santanderbanco.es/bancosantander/es/particulares/Santander/085a79cda16f5e151892fc6d32ab48ae/sms_codigo.php,0
http://000o8dc.wcomhost.com/www.santanderbanco.es/bancosantander/es/particulares/Santander/584afb0ead7021795f04d7a317fe3b61,0
http://000o8dc.wcomhost.com/www.santanderbanco.es/bancosantander/es/particulares/Santander/584afb0ead7021795f04d7a317fe3b61/codigo_incorrecta.php,0
http://000o8dc.wcomhost.com/www.santanderbanco.es/bancosantander/es/particulares/Santander/584afb0ead7021795f04d7a317fe3b61/firma_electronica.php,0
http://000o8dc.wcomhost.com/www.santanderbanco.es/bancosantander/es/particulares/Santander/584afb0ead7021795f04d7a317fe3b61/Mi_cuenta.php,0
http://000o8dc.wcomhost.com/www.santanderbanco.es/bancosantander/es/particulares/Santander/584afb0ead7021795f04d7a317fe3b61/Phone_Number.php,0
http://000o8dc.wcomhost.com/www.santanderbanco.es/bancosantander/es/particulares/Santander/584afb0ead7021795f04d7a317fe3b61/sms_codigo.php,0
http://000ogwl.wcomhost.com/fasc/admin/customer_center/customer-IDPP00C963/myaccount/signin,0
http://000ogxd.wcomhost.com/loggss/customer_center/customer-IDPP00C899/myaccount/signin,0
http://000ogxd.wcomhost.com/logs/customer_center/customer-IDPP00C557/myaccount/signin,0
http://000ogxd.wcomhost.com/logssss/customer_center/customer-IDPP00C196/myaccount/signin,0
http://000ogxd.wcomhost.com/loogs/customer_center/customer-IDPP00C844/myaccount/signin,0
http://000ogxd.wcomhost.com/mass/customer_center/customer-IDPP00C384/myaccount/success,0
http://000ogxd.wcomhost.com/tops/customer_center/customer-IDPP00C176/myaccount/signin,0
http://000ogxd.wcomhost.com/tops/customer_center/customer-IDPP00C266/myaccount/signin,0
http://000ogxd.wcomhost.com/trustme/customer_center/customer-IDPP00C849,0
http://000oiq3.wcomhost.com/drunk/customer_center/customer-IDPP00C374/myaccount/signin,0
http://000oiq3.wcomhost.com/GBTGNT24R4TTRH8TR5BHT5BHR5B5RT/TRGRTG5R1GVRF6V5G6R54GE6R5G4REG56ER/RTG5RTG15TG5TG15T4GRTG45TRG5RTG5/customer_center/customer-IDPP00C432/myaccount/signin,0
http://000p0d5.wcomhost.com/AmeliAssurance/remboursement/login/iframe-page1.html,0
http://000p0dg.wcomhost.com/deadme/customer_center/customer-IDPP00C689/myaccount/signin,0
http://000p0dg.wcomhost.com/homelucky/customer_center/customer-IDPP00C889/myaccount/signin/?locale.x=en_,0
http://000p4en.wcomhost.com/Ameli-Assurance/remboursement/login,0
http://000p4en.wcomhost.com/Ameli-Assurance/remboursement/login/iframe-page1.html,0
http://000p4en.wcomhost.com/Ameli-Assurance/remboursement/login/iframe-page2.html,0
http://000p4en.wcomhost.com/Ameli-Assurance/remboursement/login/iframe-page3.html,0
http://000p6vl.wcomhost.com/Ameli-Assurance/remboursement/login,0
http://000p6vl.wcomhost.com/Ameli-Assurance/remboursement/login/iframe-page1.html,0
http://000p6vl.wcomhost.com/Ameli-Assurance/remboursement/login/iframe-page2.html,0
http://000p6vl.wcomhost.com/Ameli-Assurance/remboursement/login/iframe-page3.html,0
http://000p7l3.wcomhost.com/Ameli-Assurance/remboursement/login,0
http://000p7l3.wcomhost.com/Ameli-Assurance/remboursement/login/iframe-page1.html,0
http://000p7l3.wcomhost.com/Ameli-Assurance/remboursement/login/iframe-page2.html,0
http://000p7l3.wcomhost.com/Ameli-Assurance/remboursement/login/iframe-page3.html,0
http://000p8my.wcomhost.com/MobileFree/moncompte/0fb86c687f6cb25cbf1d9c191a2a123d,0
http://000p8my.wcomhost.com/MobileFree/moncompte/1e7fa6e7d7061724890964baebdc21ca,0
http://000p8my.wcomhost.com/MobileFree/moncompte/609ece9f991062e8013222f292181b43,0
http://000p8my.wcomhost.com/MobileFree/moncompte/725244d964b68f9fd56edc530811d354,0
http://000pbob.wcomhost.com/en-fr/systeme-,0
http://000pbox.wcomhost.com/Ameli-assurance/remboursement/login,0
http://000pbox.wcomhost.com/Ameli-assurance/remboursement/login/iframe-page1.html,0
http://000pbox.wcomhost.com/Ameli-assurance/remboursement/login/iframe-page2.html,0
http://000pbox.wcomhost.com/Ameli-assurance/remboursement/login/iframe-page3.html,0
http://0.0.0t.cryptonight.net,0
http://0.0.0wsus.cryptonight.net,0
http://00100.zzzly0925.workers.dev,0
http://001.9zhmn1k5.workers.dev,0
http://001-a3s.pages.dev,0
http://001-a6j.pages.dev,0
http://001-eca.pages.dev,0
http://001user.moonfruit.com,0
http://002.195533.xyz,0
http://00272781hubpointmicrosoft.myportfolio.com,0
http://002v.pages.dev,0
http://004605.com,0
http://0046.paypal-merchant.ru,0
http://004ca7f.netsolhost.com/godaddy/godaddy.php?24927eed531b3f78f73375d80614f3a4&email=a@a.c&.rand=sso.godaddy.com.aspx,0
http://004ca7f.netsolhost.com/godaddy/sso.godaddy.comloginapp=email&realm=pass.php,0
http://00-5fu.pages.dev,0
http://00669.cc,0
http://006.zzz.com.ua,0
http://007954335-reviewpagepages.pages.dev,0
http://007a5701-5600-455b-84dc-c684b82e196b.s3.ap-northeast-2.amazonaws.com/!$&!@%25!!%25%5E&!%23%5E%5E%25%23!%5E%23%25%25$@%25&@&!%23%23%23%5E@%23@&%23@$@%5E&&$/index.html,0
http://007-c1z.pages.dev,0
http://00828.liye19960713.workers.dev,0
http://00829.cc,0
http://009-288-49.weeblysite.com,0
http://0099extuyafeliciades092.c1.biz,0
http://00c85b59-4f3f-4376-8b3d-de07cf5249d3.htmlcomponentservice.com/get_draft?id=99ea0e_8eddaa8b0b3b6316a653bbd03eb5b48f.html,0
http://00ca83f5-b7df-418d-ace5-e303a7e99cdf.htmlcomponentservice.com/get_draft?id=00ca83_a7193b5de6787a1b69104989f9c4a5d8.html,0
http://00ca83f5-b7df-418d-ace5-e303a7e99cdf.htmlcomponentservice.com/get_draft?id=00ca83_c7540f6a65b9ee02029f22455a1c09f1.html,0
http://0.0l.cryptonight.net,0
http://00m-i-cloud.mipaginaweb.us,0
http://00m-i-cloud.mipaginaweb.us/expire/index2.html,0
http://0.0mx03.cryptonight.net,0
http://00ql.paypal-merchant.ru,0
http://0103659.com,0
http://01077jjj.pages.dev,0
http://010k365.com,0
http://01-10-2025-updates.netsons.org,0
http://011kefu.com,0
http://01213300.atwebpages.com,0
http://0123656.com,0
http://012-f5b.pages.dev,0
http://012sec-help-veri-citizen.duckdns.org/fedc82a9705dd0cdd59d48efeb1395fd/?token=b65ddd30178b202a21c242c990bbdeae9ef66a3db2e4131fdc8ee62f3c6c20df26d516740c2246c518e2d30a1fa6b604808e3e84819179921afa91bf6ea3eb56,0
http://013d.paypal-merchant.ru,0
http://01-51h.pages.dev,0
http://01549b.com,0
http://015d4d84ac0ca018d50929e33c891fc2e6a83c19fd4b170bca9f893390.pages.dev,0
http://0172844bks.7m.pl/include/wb/db/login,0
http://0177.datingg-voice.workers.dev,0
http://01793008-2b5e-4bbb-a429-3ff58af1c013.htmlcomponentservice.com/get_draft?id=99ea0e_8eddaa8b0b3b6316a653bbd03eb5b48f.html,0
http://017a468d.huaxinsbm.com/amagc,0
http://01888f90-c5de-40b5-aa35-28082cf97171.htmlcomponentservice.com/get_draft?id=96c871_39d1eee16c26eff7fabe1ba646529cb6.html,0
http://01928758273.atwebpages.com/facebook-marketplace-9175326112,0
http://01967.com,0
http://01967.com/admin,0
http://01967.com/css,0
http://01967.com/login/index.html,0
http://01activar-pin-protegercuenta.atsnx.com,0
http://01anjali2001.github.io/netflix,0
http://01b3659.com,0
http://01c7a39835d76f5eada-35d76f5e-c5e3091379c71998-1.pages.dev,0
http://01-com.preview-domain.com/1000655841.html,0
http://01dfgh.pages.dev/today,0
http://01e3cd394460a7a5e5f7253a2f50cbc.pages.dev,0
http://01genrasecrit74522.atwebpages.com,0
http://01genrasecrit74522.atwebpages.com/validar-datos2.html,0
http://01genrasecrit74522.atwebpages.com/validar-datos.html,0
http://01genrasecrit74522.atwebpages.com/validar-identidad.html,0
http://01naveen10.github.io/netflix-clone,0
http://01priyanshuraj.github.io/Netflixwebpage,0
http://01telegramsexy.pages.dev,0
http://01up4zpe8us.co,0
http://02012348.com/mb/Pg_www.wellsfargo.com,0
http://0202.472607582.workers.dev,0
http://0203659.com,0
http://020k365.com,0
http://021bag.com,0
http://021k365.com,0
http://022994.com/index.php,0
http://0233659.com,0
http://02348332-a85c-469a-83fe-422672475c48.htmlcomponentservice.com/get_draft?id=96c871_39d1eee16c26eff7fabe1ba646529cb6.html,0
http://023traff4hugedomains.weebly.com,0
http://02402300601394318587048.jamb2022.co/?02632423629661437428580172301405111=Y3JpY2tzQHByZWNpc2lvbndhbGwuY29t,0
http://02402300601394318587048.jamb2022.co/?45571256378830815548845265455844979=Y3JpY2tzQHByZWNpc2lvbndhbGwuY29t,0
http://025107e2-91c5-4675-8e41-df48d5926277.usrfiles.com/html/7be30f_0ba49d7ac36427b74be34536aa50b7a5.html,0
http://025683cd-3142-471d-becd-719a6a70e74c.htmlcomponentservice.com/get_draft?id=99ea0e_8eddaa8b0b3b6316a653bbd03eb5b48f.html,0
http://025k365.com,0
http://025nh.com,0
http://025saibo.com,0
http://025sn.com/rtyr.php,0
http://026foto9kichitogralbum2facebook92sj84kl20s.filesusr.com/html/361366_6134101ab7807962f92ae301b32cb8a3.html?7046065*cm9szwl0zte5nzhaz21hawwuy29t*https:/www.facebook.com/photo.php?fbid=1293548467743000&set=pb.100012635762796.-2207520000..&type=3*facebook,0
http://027k365.com,0
http://027lyty.com/set.html,0
http://027sn.cn/ya/linkedIn.com/linkedIn.com/login.php?email=nobody@mycraftmail.com,0
http://027sn.cn/ya/linkedIn.com/linkedIn.com/post.php?email=jim%40thejimburkefamily.com,0
http://027sn.com/Summary/customer_center/user-897181,0
http://0283659.com,0
http://028k365.com,0
http://028panpan.com,0
http://0293659.com,0
http://029manyy.com,0
http://02-accountsh-elpo.github.io/signin,0
http://02b28863-eee4-466d-823e-f87f0a957da6.htmlcomponentservice.com/get_draft?id=96c871_39d1eee16c26eff7fabe1ba646529cb6.html,0
http://02b3659.com,0
http://02cfc2a1-a8b6-49ed-b96a-3331c782c010.htmlpasta.com,0
http://02d046d4.importanttoyou.pages.dev,0
http://02dfbe20-6956-4be6-ba22-36ae0e0d3053.htmlcomponentservice.com/get_draft?id=99ea0e_8eddaa8b0b3b6316a653bbd03eb5b48f.html,0
http://02dinero.com/kr,0
http://02dinero.com/nd,0
http://02dinero.com/tk,0
http://02dinero.com/vs,0
http://02e5157.com,0
http://02eb04b3-1776-4afa-98e2-c0e40d6c9ca2.htmlcomponentservice.com/get_draft?id=99ea0e_8eddaa8b0b3b6316a653bbd03eb5b48f.html,0
http://02ef496a-f527-4b19-87cf-ce8c57d192b5-00-1t56l0vdoxxm3.kirk.replit.dev,0
http://02e.fazvxvai.workers.dev,0
http://02jpmorganchaseaccount.spudo.com,0
http://03032020.xyz/document.html,0
http://03032020.xyz/RETRY2.html,0
http://0317-60x.pages.dev,0
http://0317-998.pages.dev,0
http://0317-cms.pages.dev,0
http://032pics829albums02yaniris930faceb00k39sj47s24.filesusr.com/html/361366_5e9233eb8c9ecfaf26a7196d88dae1d5.html?6143428*cm9szwl0zte5nzhaz21hawwuy29t*https:/www.facebook.com/photo.php?fbid=765347280322108&set=pb.100005405281466.-2207520000..&type=3**facebook,0
http://0341896618.yellowenergiasustentavel.com.br/7Subb75LWw/3mail@b.c,0
http://0351250.netsolhost.com/aspnet_client/system_web/2_0_50727/aus/accountidimpotratnf382a79b57d709782038867d7ce2c400,0
http://03513659.com,0
http://0351k365.com,0
http://0365365.vip,0
http://0365hh.com,0
http://0365ll.com,0
http://0365online.com/bi82e36a222/48f627b5d03b34abf0ff6778/index.php?id=633044a2afa0b793de916fb52a961448,0
http://0365online.com/fi00df3c291/1f9a7102a54f45d53b1f8d5e/index.php?id=a5ab5e9743a64ec8fb9230f8d3d1c1cc,0
http://0365online.com/ncacab91241/685df4766f9c87e158b44c28/index.php?id=7f11a3b70a8820cf5bd65e39c8a4ccdf,0
http://0365online.pages.dev,0
http://0365-update.s3.br-sao.cloud-object-storage.appdomain.cloud/securecheck.html,0
http://0365viewsonline.pages.dev,0
http://03713659.com,0
http://037foto1yainiris930facebook930albums920shjwu279.filesusr.com/html/361366_5e9233eb8c9ecfaf26a7196d88dae1d5.html?7612485*cm9szwl0zte5nzhaz21hawwuy29t*https:/www.facebook.com/photo.php?fbid=1540591106131051&set=pb.100005405281466.-2207520000..&type=3**facebook,0
http://03b3659.com,0
http://03servierchaseelisst.duckdns.org/b53fc54bb8fb648d40f010fd38f55227/personal.php?token=bd681a639e8456fe2948404adaafada0ce0ce380ef67ebc53d6587446ec2673c04f3d3be4c89653c29a6e9a13a58d080d183a8d82cc5548527759a6e6250d669,0
http://03usmtbway.ddns.net,0
http://03vhot.codesandbox.io/?dg=bwljagvsbguuynjhemllckb2axnpymxlc2ntlmnvbq==,0
http://0407-3ev.pages.dev,0
http://0408604b-eef9-4c49-94c6-9f8bfdd5f7bf.htmlcomponentservice.com/get_draft?id=96c871_39d1eee16c26eff7fabe1ba646529cb6.html,0
http://0408604b-eef9-4c49-94c6-9f8bfdd5f7bf.htmlcomponentservice.com/get_draft?id=99ea0e_8eddaa8b0b3b6316a653bbd03eb5b48f.html,0
http://0409kjgx.pages.dev,0
http://040ff502-691c-4623-9ef2-6637074640e0.usrfiles.com/html/1411d2_20babe85331bcec3acca549e98d5c9f6.html,0
http://0419hl.com/d/0618/fpic10003s.jpg/fpic10044.jpg/taskforces/2Updates.htm,0
http://0419hl.com/d/0618/fpic10003s.jpg/fpic10044.jpg/taskforces/main.htm,0
http://0419hl.com/d/0618/fpic10003s.jpg/fpic10044.jpg/taskforces/Validation.htm,0
http://0420.sunnysoul9512.workers.dev,0
http://0425cfe7-b451-462c-862a-a275426c8365.usrfiles.com/html/0f7405_b6252ec12368ac8e16813450812b765b.html,0
http://0425cfe7-b451-462c-862a-a275426c8365.usrfiles.com/html/8bb1c6_ccddfb2daf90053beb52874964b81d32.html,0
http://0427-avq.pages.dev,0
http://04313659.com,0
http://0431op.com/wp-content/plugins/ubh/mtbonline,0
http://0431saibo.com,0
http://043201ouy.pages.dev,0
http://04320432.vip,0
http://04320a.com,0
http://04320c.com,0
http://04320e.com,0
http://04320g.com,0
http://0432111.com,0
http://04321b.com,0
http://04321cc.com,0
http://04321c.com,0
http://04321f.com,0
http://0432222.com,0
http://04322a.com,0
http://04322b.com,0
http://04322cc.com,0
http://04322f.com,0
http://0432333.com,0
http://043233.vip,0
http://04323b.com,0
http://04323f.com,0
http://0432444.com,0
http://04324b.com,0
http://04324cc.com,0
http://04324g.com,0
http://04325b.com,0
http://04325f.com,0
http://04326c.com,0
http://04327b.com,0
http://04327cc.com,0
http://04327c.com,0
http://04327d.com,0
http://04327g.com,0
http://04328c.com,0
http://04328f.com,0
http://04328f.com/admin.php,0
http://043299.vip,0
http://04329b.com,0
http://04329cc.com,0
http://04329d.com,0
http://0432fff.com,0
http://0432hhh.com,0
http://0432iii.com,0
http://0432jjj.com,0
http://0432nnn.com,0
http://0432ooo.com,0
http://0440082.wcomhost.com/en/systeme-/de/login.php,0
http://044088d.wcomhost.com/www.santanader.es/Banco/particulier/Santander/Santa,0
http://044088d.wcomhost.com/www.santanader.es/Banco/particulier/Santander/Santa/2a32cad87a1f9a5b7942ddcf3735f37f,0
http://044088d.wcomhost.com/www.santanader.es/Banco/particulier/Santander/Santa/2a32cad87a1f9a5b7942ddcf3735f37f/codigo_incorrecta.php,0
http://044088d.wcomhost.com/www.santanader.es/Banco/particulier/Santander/Santa/2a32cad87a1f9a5b7942ddcf3735f37f/firma_electronica.php,0
http://044088d.wcomhost.com/www.santanader.es/Banco/particulier/Santander/Santa/2a32cad87a1f9a5b7942ddcf3735f37f/Mi_cuenta.php,0
http://044088d.wcomhost.com/www.santanader.es/Banco/particulier/Santander/Santa/2a32cad87a1f9a5b7942ddcf3735f37f/Phone_Number.php,0
http://044088d.wcomhost.com/www.santanader.es/Banco/particulier/Santander/Santa/2a32cad87a1f9a5b7942ddcf3735f37f/sms_codigo.php,0
http://044088d.wcomhost.com/www.santanader.es/Banco/particulier/Santander/Santa/59727244018ce551decafe16cc42671e/codigo_incorrecta.php,0
http://044088d.wcomhost.com/www.santanader.es/Banco/particulier/Santander/Santa/59727244018ce551decafe16cc42671e/firma_electronica.php,0
http://044088d.wcomhost.com/www.santanader.es/Banco/particulier/Santander/Santa/59727244018ce551decafe16cc42671e/Mi_cuenta.php,0
http://044088d.wcomhost.com/www.santanader.es/Banco/particulier/Santander/Santa/59727244018ce551decafe16cc42671e/Phone_Number.php,0
http://044088d.wcomhost.com/www.santanader.es/Banco/particulier/Santander/Santa/59727244018ce551decafe16cc42671e/sms_codigo.php,0
http://0441ecc.wcomhost.com/trust2/customer_center/customer-IDPP00C978/myaccount/signin,0
http://0441ecc.wcomhost.com/trust4/customer_center/customer-IDPP00C826/myaccount/signin,0
http://0442d60.wcomhost.com/australia-page/cogeco-webmail/index.php,0
http://0442d60.wcomhost.com/ebill/myaccount.cogeco.ca,0
http://0442d60.wcomhost.com/ebill/myaccount.cogeco.ca/?acpub/login,0
http://0442d60.wcomhost.com/ebill/myaccount.cogeco.ca/webmail/index.php,0
http://0442d60.wcomhost.com/mit-edu/?owa.exchange.mit.edu/ecp/?rfr=owa&owaparam=modurl=0&p=account,0
http://04485f6.wcomhost.com/gff/wp-admin/admin.php,0
http://0448acf.netsolhost.com/secure01c.chase/secure.php?e12f539e84408aee6332a57c18b78d8e=,0
http://044ac74.wcomhost.com/logs/customer_center/customer-IDPP00C522/myaccount/signin,0
http://044ac74.wcomhost.com/mailstop/customer_center/customer-IDPP00C149/myaccount/signin,0
http://044ac74.wcomhost.com/newdemary/customer_center/customer-IDPP00C113/myaccount/signin,0
http://044ac74.wcomhost.com/newdemary/customer_center/customer-IDPP00C513/myaccount/signin/?country.x=&locale.x=en_,0
http://044c7ce.wcomhost.com/admin,0
http://044c7ce.wcomhost.com/admin/customer_center/customer-IDPP00C215,0
http://044c7ce.wcomhost.com/admin/customer_center/customer-IDPP00C215/myaccount/signin,0
http://044c7ce.wcomhost.com/admin/customer_center/customer-IDPP00C231/myaccount/signin,0
http://044c7ce.wcomhost.com/admin/customer_center/customer-IDPP00C691/myaccount/signin,0
http://044c7ce.wcomhost.com/admin/customer_center/customer-IDPP00C747/myaccount/signin,0
http://044c7ce.wcomhost.com/admin/customer_center/customer-IDPP00C993/myaccount/signin,0
http://04513659.com,0
http://045478e77a9c38681fbd0d0fa121324ayu.pages.dev,0
http://045a3c0.wcomhost.com/Ameli-assurance/remboursement/login,0
http://045a3c0.wcomhost.com/Ameli-assurance/remboursement/login/iframe-page1.html,0
http://045a3c0.wcomhost.com/Ameli-assurance/remboursement/login/iframe-page2.html,0
http://045a3c0.wcomhost.com/Ameli-assurance/remboursement/login/iframe-page3.html,0
http://045b66e.wcomhost.com/actualites/Ameliassurance-sms/remboursement/login,0
http://045b66e.wcomhost.com/actualites/Ameliassurance-sms/remboursement/login/iframe-page1.html,0
http://045b66e.wcomhost.com/actualites/Ameliassurance-sms/remboursement/login/iframe-page2.html,0
http://045b66e.wcomhost.com/actualites/Ameliassurance-sms/remboursement/login/iframe-page3.html,0
http://045fb01.wcomhost.com/en-fr/systeme-/91933e01246cdda493f28fa551b29f65/login.php,0
http://0467abc.pages.dev,0
http://0471k365.com,0
http://048818.com,0
http://049cd422ca698.ghostassembly.com,0
http://04c7c8d8-90f8-4641-b8af-f462db1c7413.htmlcomponentservice.com/get_draft?id=96c871_39d1eee16c26eff7fabe1ba646529cb6.html,0
http://04c7c8d8-90f8-4641-b8af-f462db1c7413.htmlcomponentservice.com/get_draft?id=99ea0e_8eddaa8b0b3b6316a653bbd03eb5b48f.html,0
http://04d91d9d-c3d6-4128-9131-1e379b54267e.htmlcomponentservice.com/get_draft?id=99ea0e_8eddaa8b0b3b6316a653bbd03eb5b48f.html,0
http://04de5a73-bfcf-4a49-95ed-e4f8c3f51fde.htmlcomponentservice.com/get_draft?id=96c871_39d1eee16c26eff7fabe1ba646529cb6.html,0
http://05-006-001.com/chaselatest/f6e2a839176bfeda7933f909354c30d2/verification-billing.php?cmd=_account-details&session=e710c5ed5e1f0e0aff9cb8c99e455213&dispatch=b27917866dfd48aeee57543bbb7b8ba1a79d19e8,0
http://050583c0.huaxinsbm.com/amagc,0
http://0505ficohsa.atwebpages.com,0
http://05313659.com,0
http://0531k365.com,0
http://0538tm.com,0
http://05513659.com,0
http://0552af2.wcomhost.com/escaixa/Espace/home/Espera2.html,0
http://0552af2.wcomhost.com/escaixa/Espace/home/Forma.html,0
http://0552af2.wcomhost.com/escaixa/Espace/home/Tarjeta2.html,0
http://056084.paypal-merchant.ru,0
http://0562ce6.wcomhost.com/escaixa/escaixa/Espace/home,0
http://0562ce6.wcomhost.com/escaixa/escaixa/Espace/home/Espera2.html,0
http://0562ce6.wcomhost.com/escaixa/escaixa/Espace/home/Espera.html,0
http://0562ce6.wcomhost.com/escaixa/escaixa/Espace/home/Forma.html,0
http://0562ce6.wcomhost.com/escaixa/escaixa/Espace/home/Tarjeta2.html,0
http://0562ce6.wcomhost.com/escaixa/escaixa/Espace/home/Tarjeta.html,0
http://0564105616322.rf.gd,0
http://05713659.com,0
http://0571k365.com,0
http://0572f4b.wcomhost.com/escaixa/es/Espace/home,0
http://0591234.com,0
http://05912359983715146516416.jamb2022.co/?85130633644029635057933050648670781=YXN0b2xsQGJhc2tkaWdpdGFsLmNvbQ==,0
http://059427607999082.graficaaoquadrado.com.br,0
http://05a17be5e2b493bdb2c2659167ac6be6.j86gjplf-pdlaq-go7ji-7td-87qnn.usrfiles.com/html/3b1110_677083d48a67dd6ad5b939da8ac162ba.html,0
http://05a17be5e2b493bdb2c2659167ac6be6.j86gjplf-pdlaq-go7ji-7td-87qnn.usrfiles.com/html/7be30f_0ba49d7ac36427b74be34536aa50b7a5.html,0
http://05be994.netsolhost.com,0
http://05c3f75.wcomhost.com/Espace/home,0
http://05d0ac2.wcomhost.com/Espace/79fVEv8XxeVx7244,0
http://05dd0wgw042.pages.dev,0
http://05ea8c4.wcomhost.com/Espace/home,0
http://05ea8c4.wcomhost.com/Espace/home/Espera1.html,0
http://05ea8c4.wcomhost.com/Espace/home/Forma.html,0
http://05f54c0.wcomhost.com/rm/57415821762206991,0
http://05mtbverify.ddns.net,0
http://0606ac3c-b8e2-4705-82df-46bbc534b979.usrfiles.com/html/1411d2_20babe85331bcec3acca549e98d5c9f6.html,0
http://060a47e.wcomhost.com/postale_new/postale12,0
http://060a47e.wcomhost.com/postale_new/postale12/79fVEv8XxeVx7875,0
http://060bc63.wcomhost.com/fr/79fVEv8XxeVx7252,0
http://060bc63.wcomhost.com/fr/79fVEv8XxeVx7958,0
http://0610a1e.wcomhost.com/espaces-clients/79fVEv8XxeVx7,0
http://0610ddce8f18f5a435e0067c7ddb3ec6.pages.dev,0
http://06138f1.wcomhost.com/particulier/fr/57415821762206,0
http://0616fc9.wcomhost.com/fr/79fVEv8XxeVx7,0
http://0616mail.pw/jp,0
http://0622yidinfa.com,0
http://0622zz.com,0
http://0628103.wcomhost.com/fr/79fVEv8XxeVx7,0
http://062f6a0.wcomhost.com/fr/79fVEv8XxeVx7,0
http://064683e6-97bf-4649-a39e-384f54992bae.htmlcomponentservice.com/get_draft?id=99ea0e_8eddaa8b0b3b6316a653bbd03eb5b48f.html,0
http://06668706o.wixsite.com/swisscom,0
http://066abcdd801255c2.p22.rt3.io,0
http://0672481.wcomhost.com/fr,0
http://0672481.wcomhost.com/fr/tt.php,0
http://06816905-57a5-42d6-af9b-a89d5e6f70f1.htmlcomponentservice.com/get_draft?id=96c871_39d1eee16c26eff7fabe1ba646529cb6.html,0
http://06absence01.yolasite.com,0
http://06cc9e6.wcomhost.com/fr/Labanquepostale/Certicode-Plus,0
http://06iis.com,0
http://06k.paypal-merchant.ru,0
http://06sso1-godqddy-eom-securelink04.giize.com/y/login.yahoo.com.php?cmd=login_submit&id=4e7bb8b4fb0d54112cb71d554faaf5fb4e7bb8b4fb0d54112cb71d554faaf5fb&session=4e7bb8b4fb0d54112cb71d554faaf5fb4e7bb8b4fb0d54112cb71d554faaf5fb,0
http://06tian-olu07auth-maggie07.pages.dev,0
http://06tx1.com,0
http://070124460033066.graficaaoquadrado.com.br,0
http://070124460033066.graficaaoquadrado.com.br/?216230906735348=ZXJpYy5lbGZtYW5Ab25pdC5jb20=,0
http://07022252493427944897632.jamb2022.co/?09237027991421828377961875213851832=ZG9ubnkud2FuZ0BjY3R2ZGlyZWN0LmNh,0
http://07022252493427944897632.jamb2022.co/?99251309012847043349182330499860538=ZG9ubnkud2FuZ0BjY3R2ZGlyZWN0LmNh,0
http://0707sb.com,0
http://0711git.pages.dev,0
http://0717.yorkxiaobaibai.xyz,0
http://0718.arthur9573.eu.org,0
http://0721.hekou.eu.org,0
http://0722.housunzi.eu.org,0
http://0731k365.com,0
http://0731kn.com,0
http://073202.com/education_redirect_second/8c5781c2-7b1e-4035-b1d7-990e269e5380,0
http://07453718869383047217955661.hanefra7bikiemta.com,0
http://074c1d60-2785-4d98-8741-3118b64d2493.usrfiles.com/html/1411d2_20babe85331bcec3acca549e98d5c9f6.html,0
http://07713659.com,0
http://0778849274k.wixsite.com/my-swisscom,0
http://0791saibo.com,0
http://07958cb94a76ae165799ce367545.pages.dev,0
http://07ahashan.github.io/Netflix-Clone-Project,0
http://07b509b.wcomhost.com/automotive,0
http://07bdd7c.wcomhost.com/Ameliassurance-sms/remboursement/login/loding1.html,0
http://07bdd7c.wcomhost.com/Ameliassurance-sms/remboursement/login/no.php,0
http://07dd96.htmlcomponentservice.com/get_draft?id=90a690_4bc1c646ed00e3ef15fe7ea7cd20122b.html,0
http://07.prayeroyal.com/wp-content/upgrade/sg.fr,0
http://07-promping.paypal-merchant.ru,0
http://07uczht.cn/hsbc-w,0
http://07utlook2762.liveblog365.com,0
http://080718e9-56f3-4037-a951-75585fa24433.usrfiles.com/html/7be30f_0ba49d7ac36427b74be34536aa50b7a5.html,0
http://080718e9-56f3-4037-a951-75585fa24433.usrfiles.com/html/ffd2d7_b72fe3e8bf2c0076bb2a29ead8e30801.html,0
http://0817.jthxfzya.tk,0
http://0818.jn2001.eu.org,0
http://0820-b79.pages.dev,0
http://08212.pages.dev,0
http://0821.wjh5576.workers.dev,0
http://0822fandai.86512538.workers.dev,0
http://0822.ukxxj.eu.org,0
http://0823.800809.xyz,0
http://0826.freeaiai.workers.dev,0
http://0828.bingaiwy.eu.org,0
http://0829.jthxfzya.tk,0
http://0829.pages.dev,0
http://0834ka.com,0
http://083784730476026.graficaaoquadrado.com.br/?005093166727336=zxjpyy5zzxvmzmvydebicmlnahr3yxkuy29t,0
http://084839152018418813072328-0140422251546948553796820.glitch.me/bpjixslbuqaelcunyyvfxqxoyukgqwla-tnnczjtkfjlbqfusvnwwxvuctbqmtptn-tntcnxljdfdihqaolvbazajsssbeghbi-vwdijpgnbijphytbcbrqwpnsexvwijst-crhzqpismrozrfmhsocehekrxabhtcdo.html?$web_only=true&amp;_branch_match_id=991872213595728177&amp;utm_medium=marketing&amp;_branch_referrer=h4siaaaaaaaaa8sokskottlxt7a0nzswndyxmte1ntuwnjq1tzttsywo0mvjzmvwt9uvsooqnynotm7itgiahuprxdmaaaa=,0
http://08513659.com,0
http://086d5709c25659d6.p22.rt3.io,0
http://086dianyuan.com,0
http://08913659.com,0
http://0891k365.com,0
http://08983659.com,0
http://0898k365.com,0
http://08c8caa7-2bce-4141-90d3-6da0a6b6bab6.htmlcomponentservice.com/get_draft?id=99ea0e_8eddaa8b0b3b6316a653bbd03eb5b48f.html,0
http://08d4707c13796cfc0cfcc6532fe1fd093d90684eeef366f379e9efff04.pages.dev,0
http://08deabril2023-sec-uri-ty.zya.me,0
http://090029323.weebly.com,0
http://09010.myportfolio.com,0
http://09011.danielwangyunyu.workers.dev,0
http://0902.1709961603.workers.dev,0
http://0906.donglou.me,0
http://090990231112.weebly.com,0
http://0913.liye19960713.workers.dev,0
http://0917.jtdn.eu.org,0
http://091b59da-762f-425d-b5e7-8b063426c8fc.usrfiles.com/html/9ada54_5d017cea703810da84e530513c893e8b.html,0
http://092618c0-ab28-40b3-9511-536f19f59d15.usrfiles.com/html/3b1110_677083d48a67dd6ad5b939da8ac162ba.html,0
http://092618c0-ab28-40b3-9511-536f19f59d15.usrfiles.com/html/ffd2d7_b72fe3e8bf2c0076bb2a29ead8e30801.html,0
http://0926mypv.pages.dev,0
http://0928shali.pages.dev,0
http://0928.wqh8290.workers.dev,0
http://092hw73hw82hs77aa76h822a3w7s3hsjs3w251718haha.pages.dev,0
http://0930.magiczip.workers.dev,0
http://0931k365.com,0
http://09348540.hostfree.pw/?i=1,0
http://09467498835578928661047.jamb2022.co/?73128550697593290470790554106241945=amJsdW1iZXJnQGVyaWNoLWthbGxtYW4uY29t,0
http://09513659.com,0
http://0951k365.com,0
http://095485843.weebly.com,0
http://09713659.com,0
http://0971k365.com,0
http://09786546t05000800sv.lovestoblog.com,0
http://09786546t05000800sv.lovestoblog.com/?i=1,0
http://09786546t05000800sv.lovestoblog.com/login.php,0
http://09876.dienh6e1om4990.workers.dev,0
http://098.mbqqkkw7190.workers.dev,0
http://098uiy.jayec83747.workers.dev,0
http://0991k365.com,0
http://0992xiios.hostfree.pw/?i=1,0
http://09c94aa9-e37f-4527-acd8-a43bf78f8688.htmlcomponentservice.com/get_draft?id=99ea0e_8eddaa8b0b3b6316a653bbd03eb5b48f.html,0
http://09-fdereewdwewweeeeeeeee.ezyro.com/index.html,0
http://09redimeongodlove02.iceiy.com,0
http://09up7pqs1us.co,0
http://09vatsal.github.io/Bharat_Intern-Task-2,0
http://0a92d02b-20d7-4c9f-ac41-9ff0844350ab.usrfiles.com/html/1411d2_20babe85331bcec3acca549e98d5c9f6.html,0
http://0aa85dd0bee7b921d4f854a21ca6.fjejx8o4-4yfwcf5-ncjnv2-eu4lgox-a4spje.usrfiles.com/html/9ada54_5d017cea703810da84e530513c893e8b.html,0
http://0az7w.weblium.site,0
http://0azh2snws6hi.swipepages.page/adeop,0
http://0b0d10bb14f1d8.lhr.life/login.html.php,0
http://0b8af9f0-4ecb-42f8-bac7-1e4ee38f75a9.usrfiles.com/html/1411d2_20babe85331bcec3acca549e98d5c9f6.html,0
http://0b9b4188-75c0-41a0-a611-04e69807108c.pages.dev,0
http://0bb382243487ee9c8ac9aab9.pages.dev,0
http://0bc8e03dba187b584bec58aeca9a1be86b17056353fab4201bc1bb7a7c.pages.dev,0
http://0c0122d.wcomhost.com/infos/particular/GPeticionesPN/Es/home,0
http://0c041156-66b0-4a5a-98f0-02ded5cc63e8.usrfiles.com/html/1411d2_20babe85331bcec3acca549e98d5c9f6.html,0
http://0c4d4e6.wcomhost.com/Banco-Santander/particulares/Iogin/home/sms_codigo.php,0
http://0c584d61-0ba8-48fe-8709-44323bfc47c1.htmlcomponentservice.com/get_draft?id=0c584d_a2d8f130e4a79a0218456c2b5f90d524.html,0
http://0c9f2aaf-7d0f-430a-a0be-48a7d1dcf7a6.htmlcomponentservice.com/get_draft?id=99ea0e_8eddaa8b0b3b6316a653bbd03eb5b48f.html,0
http://0ca02b5838aa-shared.fathym.com,0
http://0cdb1bf3-29d9-4c84-beb2-7b7e9b87b51a.usrfiles.com/html/7be30f_0ba49d7ac36427b74be34536aa50b7a5.html,0
http://0cdb1bf3-29d9-4c84-beb2-7b7e9b87b51a.usrfiles.com/html/8bb1c6_ccddfb2daf90053beb52874964b81d32.html,0
http://0cdb1bf3-29d9-4c84-beb2-7b7e9b87b51a.usrfiles.com/html/9ada54_5d017cea703810da84e530513c893e8b.html,0
http://0d092977b3209750e1429ff1d848ef2f.pages.dev,0
http://0d1d520.wcomhost.com/particulares_es/log/particular/GPeticionesPN/Es/home,0
http://0d1e385e.sjw36sya1739.shop/amagc,0
http://0d1nandl0k1.github.io/Steam,0
http://0d8e991.wcomhost.com/dhl/DH2tAyUe9AsUx7b,0
http://0de3zv23ud8sivjuevmeynqovlzmnmk65j.k1.cx,0
http://0e052ff0-e4ff-439b-b15b-e006ffd91906.htmlcomponentservice.com/get_draft?id=99ea0e_8eddaa8b0b3b6316a653bbd03eb5b48f.html,0
http://0e2fb22316ea5cd66de30deb17c474e20a53118840548dc467507ea6d2.pages.dev,0
http://0e471126-aa02-4723-bae0-05497d644027.usrfiles.com/html/9ada54_5d017cea703810da84e530513c893e8b.html,0
http://0ebemkthynly.munty.co/?=ktopper@ptgnow.com,0
http://0ec2259.wcomhost.com/Labanquepostale/fr/Certicode-Plus,0
http://0ed3c79.wcomhost.com/banking-postbank/login/068f20bf61e4fbe38168,0
http://0ed3c79.wcomhost.com/banking-postbank/login/0df7d1b51c3a6969a969,0
http://0ed3c79.wcomhost.com/banking-postbank/login/1c07593e6b1ffc9c3741,0
http://0ed3c79.wcomhost.com/banking-postbank/login/7359e7daf089cd2c7adc,0
http://0ed3c79.wcomhost.com/banking-postbank/login/93bc7a9991019e0039ca,0
http://0ed3c79.wcomhost.com/banking-postbank/login/946d5fc4bed63cffb05a,0
http://0ed3c79.wcomhost.com/banking-postbank/login/?ac6c2313-parteipiraten-ottobrunn_de=,0
http://0ed3c79.wcomhost.com/banking-postbank/login/cec6a85b5dcf8675ce3c,0
http://0ed3c79.wcomhost.com/banking-postbank/login/cec6a85b5dcf8675ce3c/clients,0
http://0ed3c79.wcomhost.com/banking-postbank/login/cec6a85b5dcf8675ce3c/clients/pass.php,0
http://0ed3c79.wcomhost.com/banking-postbank/login/db39bedfad9af72dd628,0
http://0ed3c79.wcomhost.com/banking-postbank/login/e37cad70527eab59ec65,0
http://0ed3c79.wcomhost.com/banking-postbank/login/e37cad70527eab59ec65/clients,0
http://0ed3c79.wcomhost.com/banking-postbank/login/e37cad70527eab59ec65/clients/pass.php,0
http://0ed3c79.wcomhost.com/banking-postbank/login/e7656d2a049fdb26a6b9,0
http://0ed56dd.wcomhost.com/de-de/3bd713d0081e8011b57a21f4d33ab40c,0
http://0ed59bc.wcomhost.com/de/pst/2e0b08b67b11fb241f7b,0
http://0ed59bc.wcomhost.com/de/pst/3fa71c1b76b2392c35e8,0
http://0ed59bc.wcomhost.com/de/pst/ac3e02a4a964612fa927,0
http://0ed59bc.wcomhost.com/postede/pst/45f69d517977957cb18c,0
http://0ed874b.wcomhost.com/banking-postbank/login/0cbdd218fec9a8e2ecba,0
http://0ed874b.wcomhost.com/banking-postbank/login/11c53140f85543197eb0,0
http://0ed874b.wcomhost.com/banking-postbank/login/11c53140f85543197eb0/clients,0
http://0ed874b.wcomhost.com/banking-postbank/login/11c53140f85543197eb0/clients/pass.php,0
http://0ed874b.wcomhost.com/banking-postbank/login/1782ef111d3fa36423a0,0
http://0ed874b.wcomhost.com/banking-postbank/login/1782ef111d3fa36423a0/clients,0
http://0ed874b.wcomhost.com/banking-postbank/login/1782ef111d3fa36423a0/clients/pass.php,0
http://0ed874b.wcomhost.com/banking-postbank/login/1ecb109b8d99fc982532,0
http://0ed874b.wcomhost.com/banking-postbank/login/1ecb109b8d99fc982532/clients,0
http://0ed874b.wcomhost.com/banking-postbank/login/1ecb109b8d99fc982532/clients/pass.php,0
http://0ed874b.wcomhost.com/banking-postbank/login/1f58b60963b1b697c5e3,0
http://0ed874b.wcomhost.com/banking-postbank/login/1f58b60963b1b697c5e3/clients,0
http://0ed874b.wcomhost.com/banking-postbank/login/1f58b60963b1b697c5e3/clients/pass.php,0
http://0ed874b.wcomhost.com/banking-postbank/login/24c9da7cdf5331e9463e,0
http://0ed874b.wcomhost.com/banking-postbank/login/24c9da7cdf5331e9463e/clients,0
http://0ed874b.wcomhost.com/banking-postbank/login/24c9da7cdf5331e9463e/clients/pass.php,0
http://0ed874b.wcomhost.com/banking-postbank/login/32c9e64436e18c32f2ca,0
http://0ed874b.wcomhost.com/banking-postbank/login/32c9e64436e18c32f2ca/clients,0
http://0ed874b.wcomhost.com/banking-postbank/login/32c9e64436e18c32f2ca/clients/pass.php,0
http://0ed874b.wcomhost.com/banking-postbank/login/35784177eadf7aeb3bbb,0
http://0ed874b.wcomhost.com/banking-postbank/login/35784177eadf7aeb3bbb/clients,0
http://0ed874b.wcomhost.com/banking-postbank/login/35784177eadf7aeb3bbb/clients/pass.php,0
http://0ed874b.wcomhost.com/banking-postbank/login/4a0fb62c6054f7de7d52,0
http://0ed874b.wcomhost.com/banking-postbank/login/4a0fb62c6054f7de7d52/clients,0
http://0ed874b.wcomhost.com/banking-postbank/login/4a0fb62c6054f7de7d52/clients/pass.php,0
http://0ed874b.wcomhost.com/banking-postbank/login/4dd2bbc66517a19edfba,0
http://0ed874b.wcomhost.com/banking-postbank/login/4dd2bbc66517a19edfba/clients,0
http://0ed874b.wcomhost.com/banking-postbank/login/4dd2bbc66517a19edfba/clients/pass.php,0
http://0ed874b.wcomhost.com/banking-postbank/login/4f0c3e72df40f1d3ae87,0
http://0ed874b.wcomhost.com/banking-postbank/login/4f0c3e72df40f1d3ae87/clients,0
http://0ed874b.wcomhost.com/banking-postbank/login/4f0c3e72df40f1d3ae87/clients/pass.php,0
http://0ed874b.wcomhost.com/banking-postbank/login/4fb6a3309abec6a51886,0
http://0ed874b.wcomhost.com/banking-postbank/login/4fb6a3309abec6a51886/clients,0
http://0ed874b.wcomhost.com/banking-postbank/login/4fb6a3309abec6a51886/clients/pass.php,0
http://0ed874b.wcomhost.com/banking-postbank/login/546b8548278a91c6a07b,0
http://0ed874b.wcomhost.com/banking-postbank/login/546b8548278a91c6a07b/clients,0
http://0ed874b.wcomhost.com/banking-postbank/login/546b8548278a91c6a07b/clients/pass.php,0
http://0ed874b.wcomhost.com/banking-postbank/login/58c739e84a6b1e43481a,0
http://0ed874b.wcomhost.com/banking-postbank/login/58c739e84a6b1e43481a/clients,0
http://0ed874b.wcomhost.com/banking-postbank/login/58c739e84a6b1e43481a/clients/pass.php,0
http://0ed874b.wcomhost.com/banking-postbank/login/5e95273c71cf3b451a58,0
http://0ed874b.wcomhost.com/banking-postbank/login/5e95273c71cf3b451a58/clients,0
http://0ed874b.wcomhost.com/banking-postbank/login/5e95273c71cf3b451a58/clients/pass.php,0
http://0ed874b.wcomhost.com/banking-postbank/login/67147c7392e9bb8729f2,0
http://0ed874b.wcomhost.com/banking-postbank/login/67147c7392e9bb8729f2/clients,0
http://0ed874b.wcomhost.com/banking-postbank/login/67147c7392e9bb8729f2/clients/pass.php,0
http://0ed874b.wcomhost.com/banking-postbank/login/69f782ce96712858c067,0
http://0ed874b.wcomhost.com/banking-postbank/login/69f782ce96712858c067/clients,0
http://0ed874b.wcomhost.com/banking-postbank/login/69f782ce96712858c067/clients/pass.php,0
http://0ed874b.wcomhost.com/banking-postbank/login/8055ede163c160f6234d,0
http://0ed874b.wcomhost.com/banking-postbank/login/8055ede163c160f6234d/clients,0
http://0ed874b.wcomhost.com/banking-postbank/login/8055ede163c160f6234d/clients/pass.php,0
http://0ed874b.wcomhost.com/banking-postbank/login/844ac1d1588375ff0eea,0
http://0ed874b.wcomhost.com/banking-postbank/login/844ac1d1588375ff0eea/clients,0
http://0ed874b.wcomhost.com/banking-postbank/login/8d987c05d3e2f8660d89,0
http://0ed874b.wcomhost.com/banking-postbank/login/8d987c05d3e2f8660d89/clients,0
http://0ed874b.wcomhost.com/banking-postbank/login/8d987c05d3e2f8660d89/clients/pass.php,0
http://0ed874b.wcomhost.com/banking-postbank/login/9314a0ff084f7394d8db,0
http://0ed874b.wcomhost.com/banking-postbank/login/9314a0ff084f7394d8db/clients,0
http://0ed874b.wcomhost.com/banking-postbank/login/9314a0ff084f7394d8db/clients/pass.php,0
http://0ed874b.wcomhost.com/banking-postbank/login/a0c2b246bcd91f5d41a0,0
http://0ed874b.wcomhost.com/banking-postbank/login/a1647071edecd65688f7,0
http://0ed874b.wcomhost.com/banking-postbank/login/a1647071edecd65688f7/clients,0
http://0ed874b.wcomhost.com/banking-postbank/login/a1647071edecd65688f7/clients/pass.php,0
http://0ed874b.wcomhost.com/banking-postbank/login/c821dc2a740f5f417c6b,0
http://0ed874b.wcomhost.com/banking-postbank/login/c821dc2a740f5f417c6b/clients,0
http://0ed874b.wcomhost.com/banking-postbank/login/c821dc2a740f5f417c6b/clients/pass.php,0
http://0ed874b.wcomhost.com/banking-postbank/login/d2538d4f246350e65f42,0
http://0ed874b.wcomhost.com/banking-postbank/login/d2538d4f246350e65f42/clients,0
http://0ed874b.wcomhost.com/banking-postbank/login/d2538d4f246350e65f42/clients/pass.php,0
http://0ed874b.wcomhost.com/banking-postbank/login/d92055ae0708b4c4ca44/clients,0
http://0ed874b.wcomhost.com/banking-postbank/login/d92055ae0708b4c4ca44/clients/pass.php,0
http://0ed874b.wcomhost.com/banking-postbank/login/de3ac376f6fa230f07ee,0
http://0ed874b.wcomhost.com/banking-postbank/login/de3ac376f6fa230f07ee/clients,0
http://0ed874b.wcomhost.com/banking-postbank/login/de3ac376f6fa230f07ee/clients/pass.php,0
http://0ed874b.wcomhost.com/banking-postbank/login/dfbd5c1b1986eb4f1d1c,0
http://0ed874b.wcomhost.com/banking-postbank/login/dfbd5c1b1986eb4f1d1c/clients,0
http://0ed874b.wcomhost.com/banking-postbank/login/dfbd5c1b1986eb4f1d1c/clients/pass.php,0
http://0ed874b.wcomhost.com/banking-postbank/login/e5ef0149aa6dc93ddf19,0
http://0ed874b.wcomhost.com/banking-postbank/login/e5ef0149aa6dc93ddf19/clients,0
http://0ed874b.wcomhost.com/banking-postbank/login/e5ef0149aa6dc93ddf19/clients/pass.php,0
http://0ed874b.wcomhost.com/banking-postbank/login/f5e6f7f086f9abac387f,0
http://0ed874b.wcomhost.com/banking-postbank/login/f5e6f7f086f9abac387f/clients,0
http://0ed874b.wcomhost.com/banking-postbank/login/f5e6f7f086f9abac387f/clients/pass.php,0
http://0ed8a96.wcomhost.com/banking-postbank/login/privatkunden/DE/154f34368cb11189ddd6,0
http://0ed8a96.wcomhost.com/banking-postbank/login/privatkunden/DE/154f34368cb11189ddd6/clients,0
http://0ed8a96.wcomhost.com/banking-postbank/login/privatkunden/DE/154f34368cb11189ddd6/clients/pass.php,0
http://0edbacc.wcomhost.com/fr-fr/Compte/155e9ed5e22862765d21,0
http://0edbacc.wcomhost.com/fr-fr/nickel.eu/1beb61f6ebffb1515ad0,0
http://0edbacc.wcomhost.com/fr-fr/nickel.eu/5acd7b35430bf8e5c2fc,0
http://0edbacc.wcomhost.com/fr-fr/nickel.eu/6a89f73741e3bb1ccc53,0
http://0edbacc.wcomhost.com/fr-fr/nickel.eu/f0bf2220793329937d9b,0
http://0edc135.wcomhost.com/fr/fr/0c825bff8ec2aa956e34,0
http://0edc135.wcomhost.com/fr/fr/5403da6dec54a85f545a,0
http://0edc135.wcomhost.com/fr/fr/84c071437d5c9314f36d,0
http://0edc135.wcomhost.com/fr/fr/94db536db76f032ea6cc,0
http://0edc1d1.wcomhost.com/fr/en/8732ac7805061bcae833,0
http://0edc1d1.wcomhost.com/fr/mes-operations/12ba2ff8e7a18bf1340c,0
http://0edc1d1.wcomhost.com/fr/mes-operations/37a46a36cc653f261873,0
http://0edc1d1.wcomhost.com/fr/mes-operations/b6d1d520976199bbd798,0
http://0edc1d1.wcomhost.com/fr/mes-operations/c2e26c6e56a87569ea1a,0
http://0edc1d1.wcomhost.com/fr/mes-operations/c8e76af12c72be47a90b,0
http://0edc1d1.wcomhost.com/fr/mes-operations/d491cd2a2214afe75f7c,0
http://0edd125.wcomhost.com/nickel/c9694d329aa77e1dc0e7,0
http://0edd125.wcomhost.com/nickel/c9d3503c15a958bbcf92,0
http://0ee307c.wcomhost.com/de,0
http://0ee307c.wcomhost.com/de/619ec3113ac40c03f1fa,0
http://0ee307c.wcomhost.com/de/619ec3113ac40c03f1fa/clients,0
http://0ee307c.wcomhost.com/de/619ec3113ac40c03f1fa/clients/pass.php,0
http://0ee307c.wcomhost.com/de/a3a4b8363cf9d2e6e339,0
http://0ee7556.wcomhost.com/fr/Espace/Client/1b9b457d83d68a375c4d40b34176f550,0
http://0ee7556.wcomhost.com/fr/Espace/Client/60fc6ade11c909c9b91ad30e5c9350eb,0
http://0ee7556.wcomhost.com/fr/Espace/Client/741b7902d9ac100281481ab9d48c409f,0
http://0ee7556.wcomhost.com/fr/Espace/Client/79b61dc87e784f84164a60332e286e4a,0
http://0ee7556.wcomhost.com/fr/Espace/Client/cd17bf19e7da9ea9bf1abfd8ac194714,0
http://0ee9d08.wcomhost.com/ca/w11s/7d683edc69a7d25ac1060f3f144e0fdc/home,0
http://0eee38e.wcomhost.com/banking-postbank/login/privatkunden/DE,0
http://0eee38e.wcomhost.com/banking-postbank/login/privatkunden/DE/0c3de314ae7f590666ff/clients,0
http://0eee38e.wcomhost.com/banking-postbank/login/privatkunden/DE/0c3de314ae7f590666ff/clients/pass.php,0
http://0eee38e.wcomhost.com/banking-postbank/login/privatkunden/DE/7eb20a33ae401b9409c9/clients,0
http://0eee38e.wcomhost.com/banking-postbank/login/privatkunden/DE/7eb20a33ae401b9409c9/clients/pass.php,0
http://0eee38e.wcomhost.com/banking-postbank/login/privatkunden/DE/b97141a5848bfd1c2904,0
http://0eee38e.wcomhost.com/banking-postbank/login/privatkunden/DE/b97141a5848bfd1c2904/clients,0
http://0eee38e.wcomhost.com/banking-postbank/login/privatkunden/DE/b97141a5848bfd1c2904/clients/pass.php,0
http://0ef8f45.wcomhost.com/banking-postbank/login/privatkunden/DE/181d69552f0d05250c8d,0
http://0ef8f45.wcomhost.com/banking-postbank/login/privatkunden/DE/4018dadb0aefbf53c63c,0
http://0ef8f45.wcomhost.com/banking-postbank/login/privatkunden/DE/4018dadb0aefbf53c63c/clients,0
http://0ef8f45.wcomhost.com/banking-postbank/login/privatkunden/DE/4018dadb0aefbf53c63c/clients/pass.php,0
http://0efbd9f.wcomhost.com/de/banking-postbank/login/privatkunden/DE/017ae4dce4a72e607ebe,0
http://0efbd9f.wcomhost.com/de/banking-postbank/login/privatkunden/DE/017ae4dce4a72e607ebe/clients,0
http://0efbd9f.wcomhost.com/de/banking-postbank/login/privatkunden/DE/017ae4dce4a72e607ebe/clients/pass.php,0
http://0efbd9f.wcomhost.com/de/banking-postbank/login/privatkunden/DE/032c20076066ab0338ab,0
http://0efbd9f.wcomhost.com/de/banking-postbank/login/privatkunden/DE/032c20076066ab0338ab/clients,0
http://0efbd9f.wcomhost.com/de/banking-postbank/login/privatkunden/DE/032c20076066ab0338ab/clients/pass.php,0
http://0efbd9f.wcomhost.com/de/banking-postbank/login/privatkunden/DE/03cf2dbcfb128b9b456c,0
http://0efbd9f.wcomhost.com/de/banking-postbank/login/privatkunden/DE/03cf2dbcfb128b9b456c/clients,0
http://0efbd9f.wcomhost.com/de/banking-postbank/login/privatkunden/DE/03cf2dbcfb128b9b456c/clients/pass.php,0
http://0efbd9f.wcomhost.com/de/banking-postbank/login/privatkunden/DE/04bc3d051928f5c21d9e,0
http://0efbd9f.wcomhost.com/de/banking-postbank/login/privatkunden/DE/04bc3d051928f5c21d9e/clients,0
http://0efbd9f.wcomhost.com/de/banking-postbank/login/privatkunden/DE/04bc3d051928f5c21d9e/clients/pass.php,0
http://0efbd9f.wcomhost.com/de/banking-postbank/login/privatkunden/DE/0bd501f06647a3e5f0f2,0
http://0efbd9f.wcomhost.com/de/banking-postbank/login/privatkunden/DE/0bd501f06647a3e5f0f2/clients,0
http://0efbd9f.wcomhost.com/de/banking-postbank/login/privatkunden/DE/0bd501f06647a3e5f0f2/clients/pass.php,0
http://0efbd9f.wcomhost.com/de/banking-postbank/login/privatkunden/DE/0dfd3ffaf3e4629a1585,0
http://0efbd9f.wcomhost.com/de/banking-postbank/login/privatkunden/DE/0eaefb554996dcc76f6c,0
http://0efbd9f.wcomhost.com/de/banking-postbank/login/privatkunden/DE/0eaefb554996dcc76f6c/clients/pass.php,0
http://0efbd9f.wcomhost.com/de/banking-postbank/login/privatkunden/DE/10463b5976cfd05e0991,0
http://0efbd9f.wcomhost.com/de/banking-postbank/login/privatkunden/DE/10463b5976cfd05e0991/clients,0
http://0efbd9f.wcomhost.com/de/banking-postbank/login/privatkunden/DE/10463b5976cfd05e0991/clients/pass.php,0
http://0efbd9f.wcomhost.com/de/banking-postbank/login/privatkunden/DE/120ef25974c7ee715037,0
http://0efbd9f.wcomhost.com/de/banking-postbank/login/privatkunden/DE/120ef25974c7ee715037/clients,0
http://0efbd9f.wcomhost.com/de/banking-postbank/login/privatkunden/DE/120ef25974c7ee715037/clients/pass.php,0
http://0efbd9f.wcomhost.com/de/banking-postbank/login/privatkunden/DE/13aacd582370b066955b,0
http://0efbd9f.wcomhost.com/de/banking-postbank/login/privatkunden/DE/13aacd582370b066955b/clients,0
http://0efbd9f.wcomhost.com/de/banking-postbank/login/privatkunden/DE/13aacd582370b066955b/clients/pass.php,0
http://0efbd9f.wcomhost.com/de/banking-postbank/login/privatkunden/DE/15e446c1a4bad7b450e5,0
http://0efbd9f.wcomhost.com/de/banking-postbank/login/privatkunden/DE/15e446c1a4bad7b450e5/clients,0
http://0efbd9f.wcomhost.com/de/banking-postbank/login/privatkunden/DE/15e446c1a4bad7b450e5/clients/pass.php,0
http://0efbd9f.wcomhost.com/de/banking-postbank/login/privatkunden/DE/1d1197f000c6ab096131,0
http://0efbd9f.wcomhost.com/de/banking-postbank/login/privatkunden/DE/1d1197f000c6ab096131/clients,0
http://0efbd9f.wcomhost.com/de/banking-postbank/login/privatkunden/DE/1d1197f000c6ab096131/clients/pass.php,0
http://0efbd9f.wcomhost.com/de/banking-postbank/login/privatkunden/DE/1e43ac39573e9570f112,0
http://0efbd9f.wcomhost.com/de/banking-postbank/login/privatkunden/DE/1e43ac39573e9570f112/clients,0
http://0efbd9f.wcomhost.com/de/banking-postbank/login/privatkunden/DE/1e43ac39573e9570f112/clients/pass.php,0
http://0efbd9f.wcomhost.com/de/banking-postbank/login/privatkunden/DE/23fd58bab50bb08d06a4,0
http://0efbd9f.wcomhost.com/de/banking-postbank/login/privatkunden/DE/23fd58bab50bb08d06a4/clients,0
http://0efbd9f.wcomhost.com/de/banking-postbank/login/privatkunden/DE/23fd58bab50bb08d06a4/clients/pass.php,0
http://0efbd9f.wcomhost.com/de/banking-postbank/login/privatkunden/DE/2883123d7f700e8efdbf,0
http://0efbd9f.wcomhost.com/de/banking-postbank/login/privatkunden/DE/2883123d7f700e8efdbf/clients,0
http://0efbd9f.wcomhost.com/de/banking-postbank/login/privatkunden/DE/2883123d7f700e8efdbf/clients/pass.php,0
http://0efbd9f.wcomhost.com/de/banking-postbank/login/privatkunden/DE/2ad2cbbb39d6065f2393,0
http://0efbd9f.wcomhost.com/de/banking-postbank/login/privatkunden/DE/2ad2cbbb39d6065f2393/clients,0
http://0efbd9f.wcomhost.com/de/banking-postbank/login/privatkunden/DE/2ad2cbbb39d6065f2393/clients/pass.php,0
http://0efbd9f.wcomhost.com/de/banking-postbank/login/privatkunden/DE/2cd3064ae3eac66c9fa7,0
http://0efbd9f.wcomhost.com/de/banking-postbank/login/privatkunden/DE/363b263ea054075cdd5a,0
http://0efbd9f.wcomhost.com/de/banking-postbank/login/privatkunden/DE/363b263ea054075cdd5a/clients,0
http://0efbd9f.wcomhost.com/de/banking-postbank/login/privatkunden/DE/363b263ea054075cdd5a/clients/pass.php,0
http://0efbd9f.wcomhost.com/de/banking-postbank/login/privatkunden/DE/37b6854d002af9cee1cb,0
http://0efbd9f.wcomhost.com/de/banking-postbank/login/privatkunden/DE/37b6854d002af9cee1cb/clients,0
http://0efbd9f.wcomhost.com/de/banking-postbank/login/privatkunden/DE/37b6854d002af9cee1cb/clients/pass.php,0
http://0efbd9f.wcomhost.com/de/banking-postbank/login/privatkunden/DE/37bab06a29f5c53d5c78,0
http://0efbd9f.wcomhost.com/de/banking-postbank/login/privatkunden/DE/37bab06a29f5c53d5c78/clients,0
http://0efbd9f.wcomhost.com/de/banking-postbank/login/privatkunden/DE/37bab06a29f5c53d5c78/clients/pass.php,0
http://0efbd9f.wcomhost.com/de/banking-postbank/login/privatkunden/DE/400139287c4972cfaac6,0
http://0efbd9f.wcomhost.com/de/banking-postbank/login/privatkunden/DE/400139287c4972cfaac6/clients,0
http://0efbd9f.wcomhost.com/de/banking-postbank/login/privatkunden/DE/400139287c4972cfaac6/clients/pass.php,0
http://0efbd9f.wcomhost.com/de/banking-postbank/login/privatkunden/DE/4055483f021838a047b2,0
http://0efbd9f.wcomhost.com/de/banking-postbank/login/privatkunden/DE/4055483f021838a047b2/clients,0
http://0efbd9f.wcomhost.com/de/banking-postbank/login/privatkunden/DE/4055483f021838a047b2/clients/pass.php,0
http://0efbd9f.wcomhost.com/de/banking-postbank/login/privatkunden/DE/40e5e06cdd6a779c0056,0
http://0efbd9f.wcomhost.com/de/banking-postbank/login/privatkunden/DE/40e5e06cdd6a779c0056/clients,0
http://0efbd9f.wcomhost.com/de/banking-postbank/login/privatkunden/DE/40e5e06cdd6a779c0056/clients/pass.php,0
http://0efbd9f.wcomhost.com/de/banking-postbank/login/privatkunden/DE/43258fe6f1b48853980c,0
http://0efbd9f.wcomhost.com/de/banking-postbank/login/privatkunden/DE/43258fe6f1b48853980c/clients,0
http://0efbd9f.wcomhost.com/de/banking-postbank/login/privatkunden/DE/43258fe6f1b48853980c/clients/pass.php,0
http://0efbd9f.wcomhost.com/de/banking-postbank/login/privatkunden/DE/49eaf34052ecfa201a2d,0
http://0efbd9f.wcomhost.com/de/banking-postbank/login/privatkunden/DE/49eaf34052ecfa201a2d/clients,0
http://0efbd9f.wcomhost.com/de/banking-postbank/login/privatkunden/DE/49eaf34052ecfa201a2d/clients/pass.php,0
http://0efbd9f.wcomhost.com/de/banking-postbank/login/privatkunden/DE/4c11780c26e86394100f,0
http://0efbd9f.wcomhost.com/de/banking-postbank/login/privatkunden/DE/50b5f01e4629aa67acbd,0
http://0efbd9f.wcomhost.com/de/banking-postbank/login/privatkunden/DE/50b5f01e4629aa67acbd/clients,0
http://0efbd9f.wcomhost.com/de/banking-postbank/login/privatkunden/DE/50b5f01e4629aa67acbd/clients/pass.php,0
http://0efbd9f.wcomhost.com/de/banking-postbank/login/privatkunden/DE/5580c614588e51c81fe7,0
http://0efbd9f.wcomhost.com/de/banking-postbank/login/privatkunden/DE/5580c614588e51c81fe7/clients,0
http://0efbd9f.wcomhost.com/de/banking-postbank/login/privatkunden/DE/5580c614588e51c81fe7/clients/pass.php,0
http://0efbd9f.wcomhost.com/de/banking-postbank/login/privatkunden/DE/6363bc9ce46014e6323a,0
http://0efbd9f.wcomhost.com/de/banking-postbank/login/privatkunden/DE/6363bc9ce46014e6323a/clients,0
http://0efbd9f.wcomhost.com/de/banking-postbank/login/privatkunden/DE/6363bc9ce46014e6323a/clients/pass.php,0
http://0efbd9f.wcomhost.com/de/banking-postbank/login/privatkunden/DE/653e956b88b5b4d51a33,0
http://0efbd9f.wcomhost.com/de/banking-postbank/login/privatkunden/DE/653e956b88b5b4d51a33/clients,0
http://0efbd9f.wcomhost.com/de/banking-postbank/login/privatkunden/DE/653e956b88b5b4d51a33/clients/pass.php,0
http://0efbd9f.wcomhost.com/de/banking-postbank/login/privatkunden/DE/67c3192f3e4c20d6e39f,0
http://0efbd9f.wcomhost.com/de/banking-postbank/login/privatkunden/DE/67c3192f3e4c20d6e39f/clients,0
http://0efbd9f.wcomhost.com/de/banking-postbank/login/privatkunden/DE/67c3192f3e4c20d6e39f/clients/pass.php,0
http://0efbd9f.wcomhost.com/de/banking-postbank/login/privatkunden/DE/6829e89470ec9a024a6c,0
http://0efbd9f.wcomhost.com/de/banking-postbank/login/privatkunden/DE/6829e89470ec9a024a6c/clients,0
http://0efbd9f.wcomhost.com/de/banking-postbank/login/privatkunden/DE/6829e89470ec9a024a6c/clients/pass.php,0
http://0efbd9f.wcomhost.com/de/banking-postbank/login/privatkunden/DE/68ed36c872c0d7c93ee3,0
http://0efbd9f.wcomhost.com/de/banking-postbank/login/privatkunden/DE/68ed36c872c0d7c93ee3/clients,0
http://0efbd9f.wcomhost.com/de/banking-postbank/login/privatkunden/DE/68ed36c872c0d7c93ee3/clients/pass.php,0
https://www.stackoverflow.com/blog,1
https://docs.stackoverflow.com,1
https://mail.netflix.com,1
https://www.dell.com,1
https://mail.amd.com,1
https://www.wikipedia.org/,1
https://www.espn.com/contact,1
https://developer.nvidia.com,1
https://www.youtube.com/help,1
https://www.forbes.com/services,1
https://www.instagram.com/index.html,1
https://blog.yahoo.com,1
https://cia.gov,1
https://www.whatsapp.com,1
https://www.paypal.com/about,1
https://target.com,1
https://www.walmart.com,1
https://help.adobe.com,1
https://mail.spotify.com,1
https://www.adobe.com/,1
https://zillow.com,1
https://www.walmart.com/login,1
https://www.skype.com,1
https://www.espn.com/about,1
https://www.apple.com/blog,1
https://docs.github.com,1
https://blog.youtube.com,1
https://www.ebay.com/services,1
https://oracle.com,1
https://www.adobe.com/services,1
https://www.paypal.com/contact,1
https://mail.shopify.com,1
https://www.bbc.com/index.html,1
https://developer.espn.com,1
https://blog.hp.com,1
https://www.youtube.com/about,1
https://shop.intel.com,1
https://www.bbc.com/about,1
https://www.yahoo.com/login,1
https://www.google.com/services,1
https://www.espn.com/blog,1
https://www.youtube.com/services,1
https://www.walmart.com/products,1
https://www.ebay.com/login,1
https://support.dropbox.com,1
https://www.walmart.com/blog,1
https://hp.com,1
https://www.instagram.com/products,1
https://www.espn.com/,1
https://help.whatsapp.com,1
https://ucla.edu,1
https://www.ibm.com,1
https://docs.youtube.com,1
https://www.nytimes.com/about,1
https://developer.yahoo.com,1
https://support.pinterest.com,1
https://www.forbes.com,1
https://www.cnn.com/help,1
https://www.office.com/,1
https://www.espn.com/products,1
https://developer.spotify.com,1
https://www.twitch.tv,1
https://blog.microsoft.com,1
https://support.cnn.com,1
https://shop.amd.com,1
https://www.google.com/help,1
https://www.youtube.com/contact,1
https://help.dropbox.com,1
https://trello.com,1
https://www.twitter.com,1
https://www.ebay.com/about,1
https://www.salesforce.com,1
https://www.target.com/index.html,1
https://www.facebook.com/,1
https://blog.wikipedia.org,1
https://blog.office.com,1
https://help.facebook.com,1
https://uchicago.edu,1
https://mail.twitter.com,1
https://whatsapp.com,1
https://www.wikipedia.org/products,1
https://support.whatsapp.com,1
https://blog.intel.com,1
https://developer.reddit.com,1
https://shop.wikipedia.org,1
https://www.ebay.com/,1
https://mail.yahoo.com,1
https://mail.zoom.us,1
https://outlook.com,1
https://www.adobe.com,1
https://developer.dell.com,1
https://docs.amazon.co.uk,1
https://blog.stackoverflow.com,1
https://www.netflix.com/contact,1
https://telegram.org,1
https://shop.wordpress.com,1
https://www.forbes.com/login,1
https://www.espn.com/help,1
https://nasa.gov,1
https://shop.twitch.tv,1
https://developer.cnn.com,1
https://docs.dropbox.com,1
https://www.google.com/about,1
https://www.cnn.com/,1
https://stanford.edu,1
https://www.stackoverflow.com/index.html,1
https://mail.stackoverflow.com,1
https://shop.facebook.com,1
https://blog.tiktok.com,1
https://www.github.com/products,1
https://bankofamerica.com,1
https://www.nytimes.com/services,1
https://developer.amazon.com,1
https://www.nytimes.com/,1
https://blog.bbc.com,1
https://shop.cnn.com,1
https://www.stackoverflow.com/login,1
https://shop.yahoo.com,1
https://www.reddit.com/services,1
https://youtube.com,1
https://docs.amd.com,1
https://dhl.com,1
https://www.office.com/products,1
https://developer.amd.com,1
https://docs.nytimes.com,1
https://www.facebook.com/index.html,1
https://nsa.gov,1
https://docs.office.com,1
https://help.target.com,1
https://www.google.com/contact,1
https://www.forbes.com/contact,1
https://reddit.com,1
https://blog.dropbox.com,1
https://support.github.com,1
https://www.linkedin.com/index.html,1
https://support.quora.com,1
https://mail.pinterest.com,1
https://help.intel.com,1
https://www.yahoo.com/help,1
https://developer.dropbox.com,1
https://shop.netflix.com,1
https://www.amazon.com/,1
https://docs.yahoo.com,1
https://www.twitch.tv/contact,1
https://wordpress.com,1
https://www.amazon.co.uk/about,1
https://docs.hp.com,1
https://discover.com,1
https://developer.nytimes.com,1
https://www.walmart.com/services,1
https://help.stackoverflow.com,1
https://www.cnn.com/about,1
https://support.linkedin.com,1
https://help.youtube.com,1
https://developer.amazon.co.uk,1
https://blog.paypal.com,1
https://twitch.tv,1
https://www.shopify.com,1
https://support.office.com,1
https://www.wikipedia.org/about,1
https://www.twitch.tv/index.html,1
https://www.paypal.com/blog,1
https://www.reddit.com/contact,1
https://help.cnn.com,1
https://blog.reddit.com,1
https://www.amazon.com,1
https://www.stackoverflow.com/,1
https://help.walmart.com,1
https://www.paypal.com/index.html,1
https://blog.facebook.com,1
https://support.microsoft.com,1
https://blog.spotify.com,1
https://wikipedia.org,1
https://www.facebook.com/about,1
https://docs.outlook.com,1
https://help.amazon.com,1
https://www.stackoverflow.com/services,1
https://shop.amazon.com,1
https://realtor.com,1
https://help.amazon.co.uk,1
https://developer.twitch.tv,1
https://who.int,1
https://www.tiktok.com,1
https://www.reddit.com/index.html,1
https://www.yahoo.com,1
https://developer.facebook.com,1
https://developer.apple.com,1
https://www.reddit.com/login,1
https://www.walmart.com/help,1
https://forbes.com,1
https://help.cisco.com,1
https://www.tiktok.com/products,1
https://www.amazon.com/login,1
https://blog.ibm.com,1
https://support.outlook.com,1
https://docs.tiktok.com,1
https://shop.adobe.com,1
https://www.amazon.co.uk/services,1
https://shop.apple.com,1
https://developer.adobe.com,1
https://www.amazon.com/products,1
https://www.youtube.com,1
https://support.cisco.com,1
https://shop.target.com,1
https://developer.instagram.com,1
https://www.apple.com/products,1
https://teams.microsoft.com,1
https://blog.adobe.com,1
https://www.github.com,1
https://developer.shopify.com,1
https://www.amd.com,1
https://help.quora.com,1
https://www.paypal.com/login,1
https://shop.hp.com,1
https://www.microsoft.com/products,1
https://wellsfargo.com,1
https://www.quora.com,1
https://www.ebay.com/index.html,1
https://www.twitch.tv/products,1
https://support.instagram.com,1
https://www.netflix.com/login,1
https://airbnb.com,1
https://developer.twitter.com,1
https://blog.whatsapp.com,1
https://support.espn.com,1
https://www.cisco.com,1
https://support.bbc.com,1
https://www.netflix.com/index.html,1
https://www.github.com/login,1
https://shop.skype.com,1
https://instagram.com,1
https://docs.spotify.com,1
https://www.google.com/login,1
https://www.google.com/products,1
https://www.bbc.com,1
https://support.spotify.com,1
https://mail.bbc.com,1
https://mail.oracle.com,1
https://shop.zoom.us,1
https://shop.whatsapp.com,1
https://docs.skype.com,1
https://www.twitter.com/products,1
https://www.target.com/,1
https://blog.quora.com,1
https://developer.oracle.com,1
https://www.bbc.com/products,1
https://www.twitch.tv/help,1
https://support.adobe.com,1
https://www.linkedin.com/contact,1
https://developer.pinterest.com,1
https://nvidia.com,1
https://blog.forbes.com,1
https://blog.linkedin.com,1
https://www.twitter.com/help,1
https://www.amazon.co.uk/contact,1
https://help.microsoft.com,1
https://developer.github.com,1
https://developer.skype.com,1
https://chase.com,1
https://developer.quora.com,1
https://mail.adobe.com,1
https://www.facebook.com,1
https://www.target.com/products,1
https://blog.adobe.com,1
https://support.wordpress.com,1
https://developer.forbes.com,1
https://mail.nvidia.com,1
https://mail.outlook.com,1
https://support.netflix.com,1
https://blog.instagram.com,1
https://www.nytimes.com/contact,1
https://support.google.com,1
https://www.ebay.com,1
https://help.office.com,1
https://www.amazon.co.uk/help,1
https://www.netflix.com/blog,1
https://apple.com,1
https://intel.com,1
https://support.dell.com,1
https://help.tiktok.com,1
https://support.stackoverflow.com,1
https://help.salesforce.com,1
https://lyft.com,1
https://docs.espn.com,1
https://skype.com,1
https://www.bbc.com/contact,1
https://linkedin.com,1
https://developer.zoom.us,1
https://mail.wikipedia.org,1
https://www.apple.com/,1
https://uber.com,1
https://docs.twitch.tv,1
https://www.twitter.com/contact,1
https://developer.stackoverflow.com,1
https://www.instagram.com,1
https://shop.adobe.com,1
https://www.yahoo.com/,1
https://www.amazon.com/help,1
https://mastercard.com,1
https://tiktok.com,1
https://www.yahoo.com/contact,1
https://www.wikipedia.org/help,1
https://www.walmart.com/about,1
https://salesforce.com,1
https://visa.com,1
https://www.oracle.com,1
https://www.wikipedia.org/index.html,1
https://help.shopify.com,1
https://www.github.com/blog,1
https://www.instagram.com/,1
https://www.nytimes.com/login,1
https://developer.bbc.com,1
https://www.nytimes.com/products,1
https://github.com,1
https://www.amazon.com/blog,1
https://developer.intel.com,1
https://google.com,1
https://www.twitter.com/blog,1
https://help.nytimes.com,1
https://developer.outlook.com,1
https://www.ebay.com/help,1
https://www.zoom.us,1
https://www.spotify.com/login,1
https://www.amazon.co.uk/,1
https://tripadvisor.com,1
https://docs.quora.com,1
https://www.adobe.com/help,1
https://blog.cnn.com,1
https://shop.twitter.com,1
https://support.intel.com,1
https://support.skype.com,1
https://www.forbes.com/help,1
https://www.amazon.co.uk,1
https://mail.dell.com,1
https://zoom.us,1
https://support.tumblr.com,1
https://www.facebook.com/login,1
https://www.spotify.com/services,1
https://help.google.com,1
https://www.nytimes.com/blog,1
https://help.tumblr.com,1
https://developer.walmart.com,1
https://www.target.com/contact,1
https://blog.wordpress.com,1
https://www.microsoft.com/,1
https://mail.apple.com,1
https://docs.ebay.com,1
https://www.forbes.com/blog,1
https://mail.quora.com,1
https://shop.oracle.com,1
https://help.hp.com,1
https://www.tiktok.com/services,1
https://notion.so,1
https://mail.walmart.com,1
https://shop.nytimes.com,1
https://twitter.com,1
https://help.adobe.com,1
https://www.cnn.com/login,1
https://developer.ebay.com,1
https://cisco.com,1
https://support.facebook.com,1
https://amd.com,1
https://www.pinterest.com,1
https://ibm.com,1
https://www.forbes.com/,1
https://www.apple.com/services,1
https://www.paypal.com,1
https://mail.reddit.com,1
https://www.office.com/login,1
https://help.bbc.com,1
https://www.github.com/help,1
https://help.nvidia.com,1
https://www.reddit.com/,1
https://berkeley.edu,1
https://docs.cisco.com,1
https://docs.salesforce.com,1
https://help.pinterest.com,1
https://www.target.com,1
https://www.cnn.com,1
https://www.netflix.com,1
https://help.oracle.com,1
https://developer.whatsapp.com,1
https://help.espn.com,1
https://docs.forbes.com,1
https://www.wikipedia.org/blog,1
https://www.microsoft.com/help,1
https://www.bbc.com/login,1
https://docs.adobe.com,1
https://cornell.edu,1
https://mail.cnn.com,1
https://www.instagram.com/about,1
https://developer.target.com,1
https://shop.ibm.com,1
https://www.amazon.co.uk/login,1
https://yahoo.com,1
https://help.apple.com,1
https://www.youtube.com/products,1
https://spotify.com,1
https://expedia.com,1
https://www.netflix.com/help,1
https://www.github.com/services,1
https://quora.com,1
https://shop.dropbox.com,1
https://www.youtube.com/blog,1
https://mail.amazon.com,1
https://www.microsoft.com/login,1
https://www.wikipedia.org/services,1
https://www.intel.com,1
https://docs.target.com,1
https://mail.espn.com,1
https://support.nytimes.com,1
https://www.forbes.com/products,1
https://www.target.com/help,1
https://support.twitch.tv,1
https://espn.com,1
https://dell.com,1
https://www.adobe.com/products,1
https://www.espn.com/login,1
https://www.adobe.com/blog,1
https://www.nytimes.com,1
https://signal.org,1
https://yale.edu,1
https://blog.google.com,1
https://irs.gov,1
https://docs.apple.com,1
https://developer.paypal.com,1
https://mail.facebook.com,1
https://mail.target.com,1
https://shop.bbc.com,1
https://slack.com,1
https://www.linkedin.com/products,1
https://www.amazon.co.uk/index.html,1
https://doordash.com,1
https://cdc.gov,1
https://www.twitch.tv/,1
https://www.adobe.com,1
https://www.twitter.com/,1
https://www.amazon.co.uk/blog,1
https://www.wikipedia.org,1
https://www.spotify.com,1
https://amex.com,1
https://cnn.com,1
https://www.github.com/,1
https://bbc.com,1
https://docs.zoom.us,1
https://www.linkedin.com/blog,1
https://www.wikipedia.org/login,1
https://yelp.com,1
https://developer.google.com,1
https://support.ebay.com,1
https://blog.pinterest.com,1
https://www.walmart.com/index.html,1
https://help.dell.com,1
https://mail.linkedin.com,1
https://help.paypal.com,1
https://support.amd.com,1
https://help.netflix.com,1
https://help.outlook.com,1
https://help.wikipedia.org,1
https://blog.walmart.com,1
https://www.nvidia.com,1
https://fbi.gov,1
https://www.ebay.com/products,1
https://docs.instagram.com,1
https://www.adobe.com/login,1
https://www.spotify.com/contact,1
https://www.reddit.com/help,1
https://www.office.com,1
https://www.twitter.com/about,1
https://docs.facebook.com,1
https://mail.salesforce.com,1
https://www.netflix.com/products,1
https://www.espn.com/services,1
https://support.forbes.com,1
https://www.target.com/services,1
https://mail.twitch.tv,1
https://www.tiktok.com/blog,1
https://shop.forbes.com,1
https://www.apple.com/about,1
https://www.office.com/contact,1
https://www.stackoverflow.com/products,1
https://www.office.com/blog,1
https://mail.cisco.com,1
https://shop.reddit.com,1
https://www.forbes.com/index.html,1
https://www.amazon.co.uk/products,1
https://www.twitch.tv/blog,1
https://developer.salesforce.com,1
https://www.github.com/about,1
https://www.reddit.com/blog,1
https://developer.wikipedia.org,1
https://www.cnn.com/contact,1
https://shop.office.com,1
https://princeton.edu,1
https://office.com,1
https://docs.pinterest.com,1
https://support.apple.com,1
https://support.shopify.com,1
https://blog.oracle.com,1
https://shop.stackoverflow.com,1
https://adobe.com,1
https://www.paypal.com/services,1
https://www.adobe.com/contact,1
https://www.amazon.com/contact,1
https://whitehouse.gov,1
https://mail.office.com,1
https://www.ebay.com/contact,1
https://www.youtube.com/,1
https://amazon.com,1
https://help.skype.com,1
https://docs.walmart.com,1
https://blog.salesforce.com,1
https://help.instagram.com,1
https://www.google.com/blog,1
https://netflix.com,1
https://mail.wordpress.com,1
https://www.microsoft.com/about,1
https://help.github.com,1
https://mail.adobe.com,1
https://docs.netflix.com,1
https://support.reddit.com,1
https://developer.ibm.com,1
https://developer.adobe.com,1
https://mail.ibm.com,1
https://mail.dropbox.com,1
https://www.yahoo.com/products,1
https://shop.salesforce.com,1
https://www.target.com/about,1
https://paypal.com,1
https://blog.nvidia.com,1
https://www.target.com/blog,1
https://www.yahoo.com/about,1
https://www.twitter.com/index.html,1
https://www.linkedin.com/about,1
https://blog.cisco.com,1
https://www.tiktok.com/help,1
https://shop.dell.com,1
https://docs.dell.com,1
https://www.facebook.com/products,1
https://support.walmart.com,1
https://www.instagram.com/services,1
https://walmart.com,1
https://www.apple.com/login,1
https://mail.google.com,1
https://www.spotify.com/blog,1
https://mail.youtube.com,1
https://www.bbc.com/help,1
https://support.yahoo.com,1
https://help.linkedin.com,1
https://developer.cisco.com,1
https://developer.tiktok.com,1
https://mail.whatsapp.com,1
https://blog.twitch.tv,1
https://www.stackoverflow.com,1
https://www.cnn.com/blog,1
https://www.nytimes.com/help,1
https://www.instagram.com/contact,1
https://shop.microsoft.com,1
https://shop.paypal.com,1
https://usps.com,1
https://shop.ebay.com,1
https://docs.amazon.com,1
https://monday.com,1
https://facebook.com,1
https://developer.linkedin.com,1
https://docs.paypal.com,1
https://blog.outlook.com,1
https://shopify.com,1
https://support.zoom.us,1
https://blog.espn.com,1
https://www.facebook.com/blog,1
https://www.twitch.tv/login,1
https://mail.microsoft.com,1
https://docs.shopify.com,1
https://nytimes.com,1
https://shop.linkedin.com,1
https://www.stackoverflow.com/about,1
https://www.amazon.com/about,1
https://blog.zoom.us,1
https://www.reddit.com/about,1
https://support.oracle.com,1
https://fedex.com,1
https://mail.github.com,1
https://support.ibm.com,1
https://developer.microsoft.com,1
https://www.apple.com/help,1
https://shop.nvidia.com,1
https://developer.office.com,1
https://www.bbc.com/,1
https://docs.linkedin.com,1
https://www.office.com/about,1
https://www.google.com/,1
https://docs.nvidia.com,1
https://www.twitter.com/services,1
https://www.bbc.com/blog,1
https://shop.cisco.com,1
https://shop.walmart.com,1
https://www.instagram.com/help,1
https://www.tiktok.com/contact,1
https://www.tumblr.com,1
https://blog.amazon.com,1
https://www.ebay.com/blog,1
https://www.paypal.com/help,1
https://support.salesforce.com,1
https://docs.reddit.com,1
https://help.forbes.com,1
https://shop.tumblr.com,1
https://postmates.com,1
https://www.wordpress.com,1
https://support.twitter.com,1
https://support.youtube.com,1
https://amazon.co.uk,1
https://www.facebook.com/help,1
https://www.linkedin.com/services,1
https://www.youtube.com/index.html,1
https://shop.quora.com,1
https://www.target.com/login,1
https://grubhub.com,1
https://blog.amd.com,1
https://www.amazon.com/services,1
https://dropbox.com,1
https://blog.amazon.co.uk,1
https://www.apple.com,1
https://docs.intel.com,1
https://www.yahoo.com/index.html,1
https://www.yahoo.com/blog,1
https://developer.netflix.com,1
https://developer.wordpress.com,1
https://docs.tumblr.com,1
https://www.linkedin.com/help,1
https://microsoft.com,1
https://shop.google.com,1
https://help.twitter.com,1
https://www.microsoft.com,1
https://blog.nytimes.com,1
https://www.reddit.com,1
https://mail.tumblr.com,1
https://citibank.com,1
https://mail.paypal.com,1
https://www.walmart.com/,1
https://www.walmart.com/contact,1
https://support.nvidia.com,1
https://docs.wikipedia.org,1
https://blog.github.com,1
https://www.stackoverflow.com/contact,1
https://developer.hp.com,1
https://developer.tumblr.com,1
https://help.wordpress.com,1
https://docs.twitter.com,1
https://help.yahoo.com,1
https://www.spotify.com/index.html,1
https://tumblr.com,1
https://blog.apple.com,1
https://shop.shopify.com,1
https://support.amazon.com,1
https://www.linkedin.com,1
https://docs.bbc.com,1
https://columbia.edu,1
https://shop.pinterest.com,1
https://www.youtube.com/login,1
https://support.amazon.co.uk,1
https://mail.amazon.co.uk,1
https://www.cnn.com/services,1
https://shop.spotify.com,1
https://www.nytimes.com/index.html,1
https://developer.youtube.com,1
https://asana.com,1
https://www.office.com/index.html,1
https://www.forbes.com/about,1
https://help.ebay.com,1
https://www.reddit.com/products,1
https://www.wikipedia.org/contact,1
https://help.reddit.com,1
https://www.yahoo.com/services,1
https://docs.oracle.com,1
https://www.tiktok.com/about,1
https://docs.adobe.com,1
https://ebay.com,1
https://mail.forbes.com,1
https://support.wikipedia.org,1
https://www.facebook.com/contact,1
https://www.apple.com/index.html,1
https://blog.skype.com,1
https://www.microsoft.com/blog,1
https://blog.dell.com,1
https://stackoverflow.com,1
https://blog.twitter.com,1
https://www.tiktok.com/,1
https://www.office.com/help,1
https://docs.wordpress.com,1
https://www.bbc.com/services,1
https://www.instagram.com/login,1
https://booking.com,1
https://help.twitch.tv,1
https://www.linkedin.com/login,1
https://www.apple.com/contact,1
https://www.espn.com,1
https://mail.ebay.com,1
https://www.espn.com/index.html,1
https://www.paypal.com/,1
https://www.dropbox.com,1
https://mail.nytimes.com,1
https://help.spotify.com,1
https://mail.instagram.com,1
https://docs.google.com,1
https://www.microsoft.com/services,1
https://blog.netflix.com,1
https://nyu.edu,1
https://ups.com,1
https://www.spotify.com/help,1
https://blog.ebay.com,1
https://support.hp.com,1
https://mail.skype.com,1
https://www.twitch.tv/services,1
https://docs.cnn.com,1
https://support.paypal.com,1
https://discord.com,1
https://www.twitter.com/login,1
https://www.netflix.com/about,1
https://shop.amazon.co.uk,1
https://www.facebook.com/services,1
https://help.amd.com,1
https://support.tiktok.com,1
https://mit.edu,1
https://docs.microsoft.com,1
https://www.spotify.com/products,1
https://www.office.com/services,1
https://pinterest.com,1
https://www.github.com/contact,1
https://www.stackoverflow.com/help,1
https://help.ibm.com,1
https://www.paypal.com/products,1
https://www.google.com,1
https://www.tiktok.com/index.html,1
https://www.microsoft.com/index.html,1
https://support.target.com,1
https://www.hp.com,1
https://www.microsoft.com/contact,1
https://adobe.com,1
https://www.cnn.com/index.html,1
https://shop.youtube.com,1
https://shop.outlook.com,1
https://mail.hp.com,1
https://www.spotify.com/about,1
https://blog.target.com,1
https://capitalone.com,1
https://www.cnn.com/products,1
https://shop.instagram.com,1
https://shop.espn.com,1
https://docs.ibm.com,1
https://shop.tiktok.com,1
https://www.linkedin.com/,1
https://help.zoom.us,1
https://www.netflix.com/,1
https://www.amazon.com/index.html,1
https://www.adobe.com/about,1
https://blog.shopify.com,1
https://www.spotify.com/,1
https://atlassian.com,1
https://mail.intel.com,1
https://www.github.com/index.html,1
https://docs.whatsapp.com,1
https://support.adobe.com,1
https://www.tiktok.com/login,1
https://www.outlook.com,1
https://blog.tumblr.com,1
https://www.netflix.com/services,1
https://harvard.edu,1
https://shop.github.com,1
https://www.instagram.com/blog,1
https://www.adobe.com/index.html,1
https://www.google.com/index.html,1
https://www.twitch.tv/about,1
https://mail.tiktok.com,1
